{
  "project_info": {
    "project_number": "960933869111",
    "project_id": "trafficmapper-79f01",
    "storage_bucket": "trafficmapper-79f01.appspot.com"
  },
  "client": [
    {
      "client_info": {
        "mobilesdk_app_id": "1:960933869111:android:3570173b9675cc9a0ff1b2",
        "android_client_info": {
          "package_name": "com.example.trafficmapper"
        }
      },
      "oauth_client": [
        {
          "client_id": "960933869111-lieui5gchgtp8g3pdfuq3e71vj3nr2tr.apps.googleusercontent.com",
          "client_type": 3
        }
      ],
      "api_key": [
        {
          "current_key": "AIzaSyDXACSws9GxgM4UofE1tFxINJd3tIQD_WQ"
        }
      ],
      "services": {
        "appinvite_service": {
          "other_platform_oauth_client": [
            {
              "client_id": "960933869111-lieui5gchgtp8g3pdfuq3e71vj3nr2tr.apps.googleusercontent.com",
              "client_type": 3
            }
          ]
        }
      }
    }
  ],
  "configuration_version": "1"
}